ID|LastName|FirstName|Gender|DOB|Address
1094|ICFn|gBwLB|F|1977-12-16|uaMCTLhQFi
1370|ivto|byVXU|M|1983-06-24|FggBkRucrn
1443|QiBy|zBSCm|M|1977-09-15|HueOVqEumv
1018|NCRL|ZxSEv|F|1956-04-22|vsfBNjYrQN
1540|cHLJ|hhHfj|F|1975-04-09|KrLxtEPnNA
1933|ebxS|MGOTP|M|1994-11-11|TMBcpgUFjo
1260|fnbw|VFpmM|F|2007-12-26|bbhoHODpat
1110|Fkpp|DxAiM|M|1992-02-23|wWKZKIAPIJ
1474|dLKk|pKbqx|M|2008-03-03|hSXXjZOXKb
1988|LPHt|oekLq|M|1957-11-27|VjFaMKoMFP
1634|kBoY|LlcMn|M|1977-05-19|OflGcAokDk
1486|fslu|NRbtl|M|1987-11-26|lSOScyUmbV
1099|zyWf|NjjIY|F|1995-07-26|DZYzZcjVyZ
1443|dOEI|GXYEz|F|1954-01-27|OaPVrUbJKb
1173|sNzL|WNKba|M|1950-03-31|ZkLoiYnAvu
1546|UxbU|OKWXJ|M|1975-06-11|FctCVXwMAr
1495|BcMn|YUFYY|M|2002-12-30|ZnQgbESTLd
1820|Bngw|mxWJE|F|1983-12-20|MceqPaqzjG
1782|aPkt|XZLgm|F|1970-01-02|CgoblPNiDC
1844|RbhG|kCliH|M|1961-01-04|pyDbhOslml
1164|nLSb|xUNTV|F|1991-03-17|UeknbDpjLY
1518|KegH|bwKyH|F|1980-03-14|QVyNGsJeas
1241|ndFW|sBDQw|F|1981-01-25|ChADqvOgQz
1396|ewiS|PLnet|F|1986-07-03|WVIfyqGkHH
1806|aWTc|MlIzL|M|1990-10-12|BVHgDMGpKN
